0	f0ccdf30-dbc9-418f-89b8-5d8937a0ff98 runid=ed1de13037eb1bcfeefc20d46af38743bdac68e6 read=1967 ch=93 start_time=2020-02-10T15:48:54Z flow_cell_id=ACE547 protocol_group_id=barcode_test sample_id=barcodes_fish H+(0,10),h-(1,-1) w1 H+(0,10),h-(1,-1) w1_271.04600430921926	GCACCCGCTATCTCGTATTTGGTGCCTGAGCCGGCATAGTCGGAACAGCCTAAGCCTGCTCATTCGAGCAGAGCTAGAATCAACCTGGTGCACTCCTTGGTGATGATCAAATTTATAATGTAATCGTTGCACGCTCGTAATAATTTTCTTTATAAATAATACACTAATAATTGGAAGCTTGACAGCTGACTAATTCCCTAATGATCGGTGCTCAGATAGCTTTCCCTCGAATAAATAACATAAGCTTCTGACTTCTTCCCATCTTTCCTCTCTTTTGGCATCATCTGGTGTAGAAGCCGGGCCGGGACAGGTTGAACTGTCTATCCCTTTAGCTGGAAACCTCGCTCATGCTGGGGCATCTGTTGACCTCACTATTTTTCCCTTCATCTGGCAGAATTTCATCAATTCTTGGGGCAATTAATTTTATTACCTGGTGTTATTAACTATATAAAACCTCCCAGCAATCTCTGTATCAAGCTCCTCTTTGTTTGAGCCAGGTCTAATTACAGCTGATAAACTGTATTATCTCTTCCAGTCTTAGCAGTAAGTATCTGTACTTTAACCAGTCGTAACCTTAATACTTCTTTCTTTGATCCTGCTGGAGGAGGTGACCCCATTTTATATCAGCATCTATTCTG	%$#$$$%'=9?B;>/A036==2679843'-(**23,((-.9*8'5..0@>1@3,CDC?<D>-<73$$)%%%($((+,./,=92494-4@=>1'7-1-/*37:;7755;?4+=@=:=>=9::?;9@+,2&$)*++8;)*+&.69>DD>?AB=+15'&/6/2++)//5A=?898+.'#&))&.',,%($$$$)*,*7.1',A>6712?(25'''-(*-)%/8CE>79),1&'((*+%.003635-177-:64/''('')+2.6;<<=805*('0-1.,-/017<638-0?>84++)(530)-887'8@2++-6?32276755.(522>4$423.,,,,(.3998622;?@CA,.5;B<:8679*)+/9881;6868AD@>>4@=7?7:=A7.2/1'++15E:87=6?5@=22+220122/5778>;:579:<7%&'.&%*(/01+&'$%&$.983421674###$$443:)((%258/&>>595>@C?/1../12('&,($=)&%#&%+&$%&&#$&$#&)%-+,/(%%*?DD%C0<=C??.'%%$&(&*821:;6:>EFGA=1,0-03((((')))+61++EFFA<9D?DD9;?45.5;116=2=8.725>682323?@A?8666;/%675><565946	271.04600430921926	0.09140706389976543
153	33367aa9-16f1-4013-9610-41a8ab502d9f runid=ed1de13037eb1bcfeefc20d46af38743bdac68e6 read=6271 ch=122 start_time=2020-02-10T17:52:15Z flow_cell_id=ACE547 protocol_group_id=barcode_test sample_id=barcodes_fish H-(3,10),h+(3,-1) w1 H-(3,10),h+(3,-1) w1_142.90094359707717	AGAATAGATGCTGATATAAAATGGGGTCTGCCTCCTCCCAGCAGGATCAAAGAAAAGTATTAAGGTGACCAGTTAAGTATTGTGATACCGGCTGCTAAGACTGGAAGAGATAATAATAGAAAGCACAGCTGTAGTAGGACTGCTCAACAAGAGGAGTTGATATTGTGGGAATTGCTGGAGGTTTATGTTAATAATTGTGGTAATAAAATTAGTACCCCCAAGAGGTGGTGAAATTCCTGCCAGATGAAGGAAAAATAGTGAGGTCAACAGATGCCCCAGCATGAGCAAAGGTTTCCAGCTAAGGAGGGATAGACAGTTCAACCTGTCATCGACTACCGAATGATGCTAAAAGGAGTAAGGAAAGATGGGGAAGAAGTCAGAAGCTTATGTTATTTATTCGAGGAAAAGCTATATCTGGAGCACCACGATCATTAGGGAATTGGTGGTGCCGAAACCTCCAATTGGCCGATGGTATTACTATAAAGAAAATTATTGCGAAAGCGTGTGCTGTAACGGTGTATCGTTTGATCATCACCAAGGAGTGCACCAGGTTGTTAGCTCTGCTCGAATGAGCAGGCTTAGGATATTCCGGCTATGTAGCTCGACACCAAATACGAATAAGAAGTGC	)*15122711237=::4AB;>&&+**.,&$./16;6)1$))())).(..5)(8;9/.:(')*'*'532()+*023+'65460/.-1,%%&(0346375/=7:B87@-''.140+2-))'('$#*+/3/8:977*8$&-16:@C0>?3?D<,&08)*?>73..-0/3-&&&'((3./11076@AA;90;31/11%$'&('&)('/56296;3+1*)%%##+%'#+-;76=41/:04,',51488C9<:2+0*2991-.364*040<4'05*6-,:8:.30++(#$$$&'%*8=??-793C@?1'5#,0>)%%)$+,/0221068:/&0%',&%(-(%%'&9220***/1?4**-&,361.0/9%+>--*(''0$&%53A4)-%17758:8>:33<8-;55+((,$-,$.68,++6753)%)*.8:('(%.-**,&.''$$$&%%&)):0,-''('-.1%>0&&'&$"#$#$#(.,*,*98622<()0/,&%(**-%$$**)&776:68./---)$%'%#)'%$%#%#$$4648<%%..+*&$/3'%$#$'-$.1+%'04:;5=/*'?6594411**+($$''(%$$%(.171'421-'#&'0'.&$$$$+/0&$$#$#/*66%$$'&%$	142.90094359707717	0.12636512519471585
154	9f99e6f0-d11d-470f-8148-1e236faa5bcf runid=ed1de13037eb1bcfeefc20d46af38743bdac68e6 read=23198 ch=103 start_time=2020-02-10T18:51:31Z flow_cell_id=ACE547 protocol_group_id=barcode_test sample_id=barcodes_fish H+(0,11),h-(2,-1) w1 H+(0,11),h-(2,-1) w1_142.8476866586501	GCCCTTTATCTCGTATTTGGTGCCTGAGCTGGCATAGTCGGAACGGCCTAAGCCTGCTCATTCGAGCAGAACTAAGTCAACCTAGTGCACTCTTGGTATTGATCAAATTTATAATGTAATCGTTGCAGCACTGCACTTTCGTAATAATTTTCTTTATAGTAATACCACTATGGTGGGAGGCTTCGCAGCTGACTAATTCCCTAATGATCGGTGCTCCAGATATAGCTTTTCCCTCAGATAAATAACACAAGCTTCGAAGCTTCTTCTCCCATCTTTCCTCTCTCCTTTTAGCATCATCTGGTGTAGAAGCCGGAGCCAGGACAGGTTGAACTGTCTATCCCCTTTGGCTGAAACCTCGCTCTTGGGCATCTGTGACCTCACTATTTTTCCCTTCATCTGGCAGAATTTCATCAATTCTTGGTGATTAGTTTTATTACAGTATTAACATAAAACCTCCGGCAATCTCACAATATCAAACTCCCCTCTTTGTTTTGAGCGGTCTAATTACAGCTGTCTTCTATTTATTATCTCTTCAGTCTTAGCGCCATTATCTGTGCTGGCAGTCGTAAATCTTAATACTTCTTTCTTTGATCCTGCGGAGGAGGTGACCCATTTATCGGCATCTATTCTACGA	#(((%--3;>6=3@98@82/114321*)$%',++,-1-6'.%&#$20+/52$8:<<<AE/B5;21)&&%%$)(**');3$///$.A13,+*5'()''&&(**2<;3**-'&&')((-0,+./47'((&&%"$%%%((=<>58;?@H@CCA<=<=*,,,256,00'0262(%%(2*.-%'&&'+&&%)+--/,-%(/):384(0/'&$+4'+;/6:';06.,&$$&1344424.(0&&:<AA14=*+&'*-%:9)0$%$%&&/8>:*=9=:416%54*,$$#')25,=<:65;:<A86/0,%-++('+1-2-+4'326-257446'06.00-%%%1+'127-'$'%%'$&(%'%453-)/,.&'(22026/)'0.44:..''-.37::8782.9:*'70)+$..%,(,6-):BIFND?=;)()&'(/)&,556.*-%%%&-**-&##%$/2*&537&1%179/:<)7)+,$10-3-.<36;A9&-+*362'-+(*,)%%+$<'3+03'%%')0#%$%,22--0.134654(56-(*-:=+-)'$&'))'*&*4%$$&$$$%$%%+8(,,)(*3)+/(%%.1;78>>?@D@33<>A9)$(,%06)645@:=BA489,(,/$-+-1:6%&'$%%$%$	142.8476866586501	0.13468627935488492
321	dc1b869a-d12f-4d35-aed8-2683f06ced87 runid=ed1de13037eb1bcfeefc20d46af38743bdac68e6 read=22185 ch=106 start_time=2020-02-10T18:40:38Z flow_cell_id=ACE547 protocol_group_id=barcode_test sample_id=barcodes_fish h-(1),h+(1) w1 h-(1),h+(1) w1_101.62368346840393	AAAGAGCAGAATAGTGCTGATATAAATGGTCACCTCTCCAGCAGGATCAAAGAAGTATTAAAAGATTGCGATCAGTTAAAAGTATTGGCGATACCGGCTGCTAAGACTGAAAGAGATAATAATAACACAGCTGTAATTAGGACTTGCTCCAAACAAAAGGGAGTTTGATATTGTGAGATTGCTGGAGGTTTTATGTTAATAATTGTGGTATCGATTAATTGCCCAGAGTGATTAAAAATTCCTGCCAGATGAAGGAAAAATAGTGAGGTCAACAGAGTACTAGCATGAGCCGAGGTTTCCAGCTAAAGGGGATAGACAGTTCAACCTGTCCAGCTCCGGCTTCCTGAATGTTGCACTAAAGAGTTAGGAAAGATGGGAAAGAATGAAGCTTATGTTATTTATTCGAGGAAAGCTATATCTGGGCACACCGTCATTGGAATTAGTCAATTGCCAGCCTCCAGTGGTGGTATTACTATAAGAAAATTACGAAAGGCGTGTGCTGTAACGTTACATTATAAATTTGATCATCACCAAAGAAGTGCACCAGGTCCGGCTTAGCTCTGCTCGAATGAGCGAGCAGAACTCTATTCCGACTAGCGCGGCTCAGGCACCAAATGCGAGATAAAGGTGATA	06&%%(75025..*$,*-2'&$#&(&&)*'1'+-)/'%<0,''6A71D87,$)(+//))56,$%%%&'')*)>08138E8+),'%'&(#&)-.**+-795?;;/.5--,()$-%$334.)+$&&&$&-1&36*''%'+%+0%$)&&+/%2=@66>:($+'&#%#'38444462/(()4477;@>4/01=ADA1-,?80-+,))*4-)+;92.*%$&&$$%%"$#&'&(53.$'%(%))+:*/063666;//-$->&/::88:0933+6236%((&'$$$'&'*,////))$12%(9<9$0$'&*(/)***5+''&&((*.136'00-.((9&466')$&%&'$,,/-06'0%%#%$%(*'%%)$)%-+.=+*>33-,-/%'(%'$&*)'''&$$-$&%'*041/(&+13:-3B5)$$..+/)/,%#$1//.8))+-(%56824.,+&+-,+*$%,++%-#%(%*;41//+/2644-..$&)%%&)%&-.*((+&&2'9=BD758-00)1)((-0*)*+,9:7;:,/(3-+-::-'&(&89%%%%+,5(&$%'%%%(-,'78736.>))7,+,&$$$$&&#%/%',&(.0.8/000/(,.&(3.-9&+)3459;4+)($%($8679+++0%)*,	101.62368346840393	0.14620315905214715
13	d25da47a-3873-4dd5-82bb-f6d05089fcdc runid=ed1de13037eb1bcfeefc20d46af38743bdac68e6 read=67 ch=68 start_time=2020-02-10T15:33:35Z flow_cell_id=ACE547 protocol_group_id=barcode_test sample_id=barcodes_fish H-(3,10),h+(0,-1) w1 H-(3,10),h+(0,-1) w1_200.2524006913726	CCAGAACCAGATGCTGATATAAAATGGGATCACCTCCTCCAGCAGGATCAAAGAAAGAAGTATTAAGATTACGATCAGTTAAAAGTATTGTGATACCGGCTGCTGAGACTGGAAGAGATAATAATAGAAGCACAGCTGTAATTAGGACTGCTCAAACAAAAGGGGAGTTTGTGTGAGATTGGAGAGTTTTATGTTAATAATTGTGGTAATAAAATTAGTACTTGGGGTGATGAAATTACCAGATGAAGGGAGAAAAAATAGTGAGGAGTCAACAGATGCCCCAGCATGAGCGAGGTTTCAGCTAAAGGGGGATAGACAGTTCAACCTGTCCGGCTCAGCTTCTACACCAGATGATGCTAAAGGAGTAGGAAAGATGGGAAGAAGTCGGAGCTTATGTTATTTATTCGAAGCTATATCTGGAGCCTCATTAGGGGGTAGTCAGTTTATAAACCTCAATTATTAATTGGTATTACTATAAAGAAAATTATTACAGCGTGTGATTACATTATAAATTTGATCATCACCAAGAGTGCACCAGGTGAAGCAGCTCTCTGCTCGACAGGCAGGCTTAAGGGCTGTTCCGACTATGAAGCTCAGGCACCAAATACAGATAAAGTTGCCA	1$42-*%*58@C@:?>:987:87=//,,$%%%$')$''*A5/./<IB?DE>)/25)-//033((5%6==?46;0(<*8*,2?;,14013-7?7;:>@:733)),75E;=>H@37/,2:AMHEG-)))*0%+,.33/01391029;G>>@96=?=3)9B@*$2.1*052;5*%(.,()))*-=8B%)7555=@?D=?1.1-.@79703:79>@>D7D?.6)&(('(''2..,../+'+#%,37D==8)40'3%1DA<I6270675//#9:AA+79;<647..+56;::74+%&'(:)K0@8.))/8-/*00>&##$$)*1'/=:'973,(&((%$$.$'%&,..**)*6//A:;===B@@:-+%$)2+01&6%((')-=;B)8+2/>%/*4??>>@>00**++/1/1+*'$&670/2=64%'&#$$%)-.+-%+(&-,53/''*0##$&+%36),8457:569$$'/0>9??77797=HB(4.J@BC//0($$%*)$&'55<@15667832+2%9<;=;E40>%#$&$*$*:322,-/+'*,**#%/0-/1&%%3/,.%&$'*/..,+122-'-((%,,>9,,10%%%$$$)-9,<4<85659<44/)$$%?;=?(*%(.//.	200.2524006913726	0.0963095607755004
325	d0f13b93-3d15-47bb-9638-4062ffdb0f5a runid=ed1de13037eb1bcfeefc20d46af38743bdac68e6 read=23422 ch=60 start_time=2020-02-10T18:53:27Z flow_cell_id=ACE547 protocol_group_id=barcode_test sample_id=barcodes_fish H+(1,9),h-(3,-1) w1 H+(1,9),h-(3,-1) w1_100.6336930020225	GCACCCTTTATCTCGTATTTGGTGCCTGAGCCGGCATAGTCCCGGAACAGCCTAAACCTGCTCATTCGAGCAGAGCTAAGTCAACCTGGTGCACTCCTTGGTGATGATCAAATTTATAATGCCAATCGTTACAGCACACGCTTTCGTAATAATTTTTCTTTATAGTAATACCACTAATAATTGGAAGGCTTCGGCAACTATTAATTCTAATGAGTCGATTGTGATTATAGCTTTCCTCGAATAAATAACATAAGCTTCTGACTATTCCCCATCTTTCACTCCTTTGGCATCATCTGGTGTAGCAGGAGTAGACAGGACAGGTTGTTCATCTATCCCCTTTAGCTGGAAACCTCAACTCATGCTGGGGCATCTGTTGACCTCACTATTTTTCCCTTCATCTGAACAATTTCATCAATTCTTGGGGCAATTAATTTTATTACCACAATTATTAACACTTGATATCCAGCAATCTCCCGCAATGTCAAACTCCCCTCTTGCTGTTTGAGCAGTCTATTACAGCTGTGCTATTATTATCTTCTTCAGTCTTGGCAATGGTATCGCAATACTTTTAACTGATCGTAATCTTAATACTTCTTTCTTTGATCCTGCTGGAGGCCGGCCCCATTTTATATCAGCATCTGTTCTGATTCTTC	0,,*)'$'::>A8>))(*,,*/5100,-)&&&&(&)()/%$0$(9)*+-)*+++1%011-488,@@C))+'')$.15-''+94)-,+$*<)**;>10;<750$$3(22<5//.31-28632%%798;4,/$&$$##%'$$%3572./1/,04*<<<93155+12123)&'0./)'1214-3635+'80/0+-'()+'*/%')$&'(,&&'((&',5&#$'%%%$$(%$((.277.7*+')97=4108//)&'$&""%,'-*()%)/57:2&3+52)&$'-,3,--%*).;B;:-*038)$#$$$'%$%%$'$)(7@?;</*5''#%"$''$'&'+-.&-+%032+-')$+(++%$-/1)(''((1*/5.)</05-%$$$(;56.>ABBC6749'>A;62%$$$$%&#*70-*>>==>?A;5%4/01*),)'&*'&,*,436)))&&)''))((("#%#%(.$$2&))77<=<*:%#%%%$%()+0,$'<;;',331&%$'.4-)((&&,++3,&'(*-,46.:%#3%),)47401*-&$'$&(66,/()(.)%%*+..,%'/089;=>:5,+$$%&47)*/,)1&),(''994567;0$'%0778:6+#%&+%*'%&(*+,,+(&*((3:3/6$&&'%(9'758*/.19*..%	100.6336930020225	0.15796983515209448
146	919b17e6-7c02-42b3-b0dc-467a44da688b runid=ed1de13037eb1bcfeefc20d46af38743bdac68e6 read=27389 ch=110 start_time=2020-02-10T19:36:31Z flow_cell_id=ACE547 protocol_group_id=barcode_test sample_id=barcodes_fish H+(3,11),h-(0,-1) w1 H+(3,11),h-(0,-1) w1_143.33589333709793	GCACCCTTTACCTCGTATTTGGTGCCTGAGCCGTATGGTGGAACATATGAAATCTTCTCATCGGCAGAATTCGTCAGCCCGGCGCACTTCTCGGTGATGATCAATTTATAACGTGATCGTCACAGCACACGCTTTCGTAATAATTTTCTTTATAGTAATGCCATAATAATCAGGGTTTGGAAACGACATCATAATAATCAGCGCCCTGATATAGCCTTTCCCCGCATAAATAACGCAGGCTTCTGACTTCTCCCCCCATCCTTCCTTCTTCTTTTAGCTTCCTCCGGGAGTAGAAGCTGGGGCCGGAACGGGATGAACAGTTTACCCCCTTTGCGAGGTAATCCTCGCCCGTACCCGAGGCACTCCGTTGATCTCACTATCTTCTCCTTCACATTTTAGCAGGGGATCTCATCAATTCTTGGAGCAATTAATTTATCACTACCATCATTAATATGAAACCACCCGCAATCTCACGGTACCAAACACCACTCTTTGTCAGGCAGTTCTCATTACAGCCATGCCTGTGTCTCTCTCCCCGTTTTGGCTGCTGGAATTATGCTGGCATTGAAACCTCAGCACTTCGTTTTGAAGCCTGCCGGAGGGACCAATCCTGTACCAACACTTGTTCT	,()20(,0.*67.;55++-1),<6;8661.67+/2*+2/2)0/+'%&#$'-*974,;:<($5'&+,#&$&(/()30)10*(3019?KFIE6B%7==7571/5*'#)$((-+)&,/.5;-);*++-0/*+,*#$3477872./0*3:=?BEE0)).)//-,*+&)88691-=%)1'.310*'/+'(,,114%&3+))&&9&8,,>??.5'%$%)04638<<;=/(&'+1//:=<'&%''(#$'$$'0:;912CHC?52/&&/-74/;?>@8<881&%+.=;142%:%11"-01))%'&/,**%%'%)')$$556569200:/35)(((('#)1(#$$')'&*#$/,'(//-&+(-/%)&(,.%-71>1796+&2)1'-356<@>*(.0&+)%&&/4/*'%#$&.**877*50+;0.,4(*-$*&$(,4/54438?133+*)(.0:BH@GGD;55/10*%01+110/798=>,8%$$*0($',,&(*34*',2-.,.),$)*)*1+/155.'*%#'*15**'%&&&&'13*4)<;2;54/9:,*'+2867;8>3-+/%,*'+$$$%##$&*),,+96&/-$$0&2.20+'&$%(*+.(%'--'*0$/25:..;46601++&'&(176>;=-	143.33589333709793	0.12129297069171405
163	341472a4-e6bb-494e-9d6e-2ba686dbbc4b runid=ed1de13037eb1bcfeefc20d46af38743bdac68e6 read=14482 ch=40 start_time=2020-02-10T17:32:18Z flow_cell_id=ACE547 protocol_group_id=barcode_test sample_id=barcodes_fish H-(2,10),h+(2,-1) w1 H-(2,10),h+(2,-1) w1_140.18325125936724	AGAAGATGTGCTGGTACATCACCAGGTCGCCCCGGCCGGATTAAGAAGCTGGCATAAGTGGCGATCGGTCAGCGTCATGGTATTGGCGCCGGCCAACCTGGGCATCACGGCAATCAGCGGGTGAGCGGTGATAAGCCAAGTCCAGCAAGACATCGGCATTTTCATGAGTGTCATGCCTGGCGCGCGCATGTTAAATGGTCACGATATTGATGTTGATCGAGTCATGATGGAGACGCACCCATCAAGTGCAGCGCAAAAATACTGGTGTCATGGAAGGACCCATTTGCAGCGTCAAAGGCGCGTACAGAGTCAACCGCAGCCGGCGCCGCCTGGCATAAGAACGACCCGATACAGCAAAATGGCCGCAGAATCAGCAGCCAGAAGCTGAAGTTGTTCATCCTTGCAAACATGTCCAGACGCTGGTGCAGCGGAATCGGCCAGTTCGCAAAGCCTACAAAGGCCGGCATGATGGCATAAACACCATAATCGTACCGTGCATGGTGGTGAATTAGTTGAACGACTCAGGATTCACCAACTGACCGGGCTGAAAAAGCTCCGCACGAATCGACGCCAGCACGCGCCAAACATGAGCATGGTGAACAGAACAACATGTGTACAGCGTACG	05<009,+3+)***+&%%$-#$&$*405)***%(64*234>B=5%)+.844'##$+',05;661/7,)%;-+11:?236/1&&(&225%+1&$)-$%%%&*)'+/;&&1.-/13:33(((*3$%%*+12=6564,,.126&&62+)(%'##$'*+-..;A>78''((3:07</--41+06.-).20221%,-)00))1.)&,8/((''<=:=><E61A--,&4()+2,,)%%#$$$%224+%@3-.++**,,-.7;@F<8987;55,+.2341/34=67@A233'*0.77966),%$)/0...+**'#**;4+,(')+&+/34)'8./CB675--,/.&/(-04764+)$$#$',688?<;<9*+)*-190?%134129<:6.7>=<.+&:&7C92**,))31676.-,$$&&6+-/%$"#$(/'(.-528.0+'%&%-#2$04#$-221@@=00?D1,'<;,48:98004+)()0/'%#)*%$&(.2#$%-/4<.,,*+$%%%%$&$'*(=(>,36124442+&2(=49$#$&%&%)&54*/(524..--,(+-%5&''&''206&'%%%&.&$%&-(*(*-3-,,,/7988**0.%&'$%&%',1+..+*$$$$,+--17-1-	140.18325125936724	0.13285829110223213
237	b58cc38f-bda3-4e29-8af8-8df7bce08e58 runid=ed1de13037eb1bcfeefc20d46af38743bdac68e6 read=13891 ch=45 start_time=2020-02-10T17:32:15Z flow_cell_id=ACE547 protocol_group_id=barcode_test sample_id=barcodes_fish H-(2,8),h+(3,-1) w1 H-(2,8),h+(3,-1) w1_123.84289540273991	AGAATAGGTGTTGGTAGAGATGAGGTCACCCCTCCAGCAGGGTCAAAGAAAGGTTGTGTTTAGGTTGCGGTCTATTGAGTAACATTGTAATGCCAGCGGCTAAAGCAGGAAGGAAAGGAGAAGAAAGAACAGCGGTAGTAAATACAGCTCAAACAAATAGTGGGTTTGAGTACCGTAGTGACTGTAAGCTTCATGTTGATGATGGTAGTAATGAAGTTGATTGCCTAAGTGAAATTCCGGCAAGGTGGAGAGAGAGAAAGAATTGTAGAGTCTACGGATGCCCAGCGTGGTATGGGATTTCCAACTAATGGGGGGGTATACGGTTCACCTGTTCACCCGGCTTTAACACCTGAAGAGGCCAGAGAAGCAGAAAGGATGGGATAAGTCAGCTCATATTATTTATTGAGAAGAGAAATCATATCGAGGGGCCCCAATTATCAATGGGATAAGTCGAATTTCCAAATATCCAATCATAATTGGTATTACATAAGAAGATTATCCTGAGAGGCGTGTGCGGTGACGATTACATTATAAATTTGGTCGTCTCCAGGAGAGCCAGGTTGACTAGCTCTGCGAATGAGCAGACTTAGGCCCGTCCCACTAATCACGCTCAGGCACCAAATACGAGAGATAGAG	53,4676*><44+32('$69440:1.<.-,*(&'72.2200+'677''''$/:I7>@3(>9*/'/)*++9:99)*,($(*/-//..&%$$&'()&&#%.)*11-$''//%)*),43**0'+3,('',(&((.$$43.)-(%$+,--%&'+(*&/926892=4''#*)$&&+#$$$'(&*%$01*/+')24573))$$&'&*-''15-+*,+'(,%858805:--'-0*&8/+/B>B%',48;,08G@1+-1'%'(&)+''+'),54#%$75>7('2;7%%2''()-+3(+*()++0&*45*1*$&'02%%,&**++1,**&&+=.3212(-7(*$##"%&$$&%,$$1::**)+'(&99977/)-+)'+,1/0&G6--(*$%'&-/4&$/2<><B?>-,-)&$&'*,&&%%$%'&#'+/.++((233-2..-80039<A@5''18<8:6&10$)$/07&644'$$$$29439311(():-C?<<4.76;)),),/5@=((,&&($'$'-/65-9-,-136794HI3589178;682::63/&212-%4'-+(('&'$$%)8&)'))10=?C<;928@***400020--%'+))$%00;-%$%%$%(%$)8+6.1*)*)0624.-(($$/0.(()&%	123.84289540273991	0.13242537999628795
322	e535c3fc-79cd-445b-bcfd-b8db2d36e8e2 runid=ed1de13037eb1bcfeefc20d46af38743bdac68e6 read=31186 ch=17 start_time=2020-02-10T20:16:23Z flow_cell_id=ACE547 protocol_group_id=barcode_test sample_id=barcodes_fish H+(1,11),H-(3,11) w1 H+(1,11),H-(3,11) w1_101.617363578696	GCACCTTTATCTCGTATTTGGTGCCTGAGCCGGCATAGTCGGAACCTTAAGTCTTCTCATCGAGATAGAACTAAGTCAGCCCGGCGCACTTCTCGGTGATGATCAATTTATAACGTGATCGTCACAGCACGCGCTTTCGTAATAGTATAACTTTATAGTAATGCCGCTAATAATCGGTTTGAAACGACTTATCATAATAATCGGCGCCCCTGATATGGCCTTTCCCCGCGCAAATAACTTGAGCTTCTGACCTCTATCCTTCATTCTTCTTCCAACTTTCTCCGGGAGTAGAAGCTGGGGCCGGAACCAGGATGAACAGTTTACCCCCTTTGTGGTAGTCGCCCGTACCAGGGCCACTCCGTTGATCTCACTATCTTCTCGCTTCATTTGGCAGGATATGTCATTCTCTTGGAGCAGTAATTTTATCACTACCATCATTAATACTGAAACCACCGCAATCTCCACAGAGCAAACACCACCCTTTGTCTGAGCAGTTCTCATTGCATTAAATACTGCTATTGCTCTCTCCCCCGTTTTAGCTGCTGGAATTATGCCTACAACAGCCGAAACCTCAACACTTGTTTTTTGACCTGCCGGAGGGGCCAATCCTGTACCAACGCGTTCTGGTTCT	.++.+#(+);<1<+3+,/247<91.$%&(%'%541**+%3(4.5*(%$&&%,,+/+-/(-7)&%$#&%&'$&'*%,-&/<;516,,-/:<A>0?)877=876:=*(%)(+0<7337<;=8-1-)'',00.*&$%*.4+)45445%2%$%$"&'&*))4682'&$$$(&%%()..('-1?3',*&&&*222+%8$*-++-+/9(.$$522&01+((((...-11..,('&'(34/07,##$$#%$%+%#(*)*()$%&&/&)%').))-&&&#%%$$%'($')6%41#1-$$**18:6**'%$&$$*%*)?CB<:7*%%-&((&&&&&#%&$%$$(''%-+)***%%%&'$2+&#&*+9+0*?<;=9810()868<9C;98'+//39;;.*''')0'#$$#'&%','$'')'(&%-.)10+0853)-;/-'*/158=0:<,)%%""%(74-.&)))*0)885)*&&&&($0243977.*889*-3647./)*+/406=)1%#&$%&&'()%#%(-'#$*+02*.?560*D<5&129,+(11:*689:$(#(&&%%#*$#)%'&&--(26:640:7$*)&&(%''((('201.2350./(4+&$$#(467=952,.24)&&&)(/2&+?GC7<	101.617363578696	0.16383759858428323
362	e471a946-cea8-470c-a13b-04368b0ef052 runid=ed1de13037eb1bcfeefc20d46af38743bdac68e6 read=23163 ch=35 start_time=2020-02-10T20:36:38Z flow_cell_id=ACE547 protocol_group_id=barcode_test sample_id=barcodes_fish H+(2,8),h-(3,-1) w1 H+(2,8),h-(3,-1) w1_88.74061715018982	GCACCCTTTATCTAGTATTCGGTGCTTGGAGGTTGAGACAGTGGAACCTAAGCCTACTTATTCGAGCAGAACTAAGCCAGCTTCCGCAAACTCTTCTGGAGATGATATTAAATCTATAACGTAATTGGTACAGCTCATGCCTTCGTAATAATTTTCTTATAGTAATGCCTATCTAGTGGGGGCTTTGGGAACTGATTAATTCCACTAATAATTGGAGGGCTCCCATTGCCAGCTCTCATTAAATATGACTACAGCTCCCCTTCCCCTCCTTCCTCCTTCTCACCTCTTCAGAGGTTGGAAGCAGGAGCTGAACTGGGTGAACAGTTACCCTCACTATCCAAGTAATTTGGCCCATGCAGAGTGCATCCGTAGACTTAACTATCTTTTCTCTGCACATCTGGCCGGTATTTCTATAATTCTGAGGCTATCAACTTTATTACAGCCATTATCAATATGGGAAAACCTCCTGCATCTCCCAATGCCAAACGCACCTGTTCGTTTGGTCTGTTCTAAATACGGCTGTACTTCTCCTTCTTTCTCTTCCTGTCGCGCCGCCGGTATTGATACTAGACCGAAACCTTAACACCACCTCTTCGACCCAGGAGGGAGACCCATCCTGTACCAACACCTGTTCTGATTCTTTAC	/))335'4/*-9,$,9<>62*5:.###'*#$)$'&##$$&$&%%#""$&(+&''%&$(-/0),'))()++1734,$%&&$#%*#%#$$%$&&)),('&.-'-&&&*&&&&,99:6345("#%%%$*%%0)*,($01-)%&$$>C44766=99;3'0+/,,,',-,++-,*)-1'$*8-1:/5?>=3/;>58:;95-964289:94)2)&($%'5.-''&$%--*'('%#$&%&(**)%#$43+'$&&('/$%%'&&&(%$(*&('''+/.4).,)(:;8-+'*(47;1)+2.1/:713&%$%$*-%'-./(*'*&+$+('()&,'+%349&2%&'2&&60+#%%(%*($,.../%$%%'"-:234**59:243/-/2)&*$'&)/00319<.+-,116-%,+,$(,*,-.($$$&&772(($(855%0/0,$%::(+/&&&$6:369('<<0/.(%'&%&%%+,/%-&&$#1+2.8,2+(('((,($"%%*.33B50-0;5,%)*+'<284&'$$$%&+.,$$#%%,)+<@@1548/'&%))'$)*-7,*,&$(,**))'')+//(-*%+*21'(&'(%$%*'))(00>?;85681./1%%(2*9*&,30/2-+,,2'-**)*&$%,/30&/4:7<660.$&*%&	88.74061715018982	0.17324559395836658
371	0491f0aa-a5b7-40d5-b17d-f26e87323863 runid=ed1de13037eb1bcfeefc20d46af38743bdac68e6 read=26422 ch=51 start_time=2020-02-10T19:09:42Z flow_cell_id=ACE547 protocol_group_id=barcode_test sample_id=barcodes_fish h-(3),h+(2) w1 h-(3),h+(2) w1_84.95099044817144	TCAAAACACATGCTGGAGACTGCTGGATCACCGCCACCGGCGACACTCAAGAGCTGGTACCGAAGTGGATATCCATCAACATCGTGGTCGCAGCCGGCCAGCTCGGCATCACCGCAATCAGCAGAACGCGGTGTTGATCAGCAGTCCACGAACAGCGGCATCTTCATCAGTAGCTGTGCCGGGCGCACGGAGTTGAGGATGGTGGCGACTGCGTTGATCCGCTGCCAGTCGAACTGATGCCCATCAGGTGAATCGCGAAGATGAAGAACGTCACGCTTTTCCGGCGCATAGGTCGTGGAGAAGCGGCGCGTAGAGGTCAAAAGCCGAAATTCGGCCACCGCCTGGCGTGAACAGGTCGATACCAACAACAGATGCCGCCGGCAACAGCTGAAACTGAAGTTATTCATGTGTGGCAGGAGGTATGTCGGGCGCCGATCATTAGGGATCATCAGTTGGCCAGGCCGACAAATGCCGGCATCCGCATAAAACACCATGATCAGGCCGTGCGCGGTGGCGTTCATCTGGTTGAAGAACGCGGGTTCCTGAATTCACCAAGCCCGGTTGAACAACTCAAGCGCGAAGATCATAAAAGCAGCGAAGGGCCGCCCAGCAAGAACATGGTGAAGGATGACCGCAGATACATCGTCTCGATATCC	00&/,-*-))((&*,,&&$"$*/0170*,$&'%(*%&,$*&)#$$##%''$%&773+,+22,+(+2/975633740A3$9/,1%#&+)'$$'(+-$'$%%$##'$$%/7;575%(3228,&**3&*+,&.**'&'8*%9+&$$$&&%')*(,/00+).+/67>;=11,$%&&$$&%.*/*/35))'&%$0$4##*,45301./&)#%$*+%&*/44/,,;$"%####$23.,..,-(&)..*22:2.-+/00+9,+)%$&1/27,(*2103:+()*3543+(+4154/++,98<762*),$#,-.647561+*'&((,%''%'3-,+/$23+-02/$*).40%%0./0,'%)(*7;<3()*+0.&14$,,&%#"$)+/0'-+-&+,--/**1,*(+)+%&74+.2()($&#%+*+*)&&'$)(*,-%'(('''(#07%%(%%+;<<@'%7'+$(#%&&$')**+0--+'''11-169&&(%&##$&$&-/54''&%%4%*')(-78-(#&$*'5),*.%)-0/1*A6331,2-)+)$(2':'9,-2$749)'*)%'.0#%'7&*&),,$%$&%&++/-*+'%-*4$"(++'%&&(45,++*%0-'&'%+(,1*0544:89511)'%.&##,56.7:<<::9855++'(.1744447	84.95099044817144	0.16285009391165564
